Transaction Date,Post Date,Description,Category,Type,Amount,Memo
09/08/2025,09/09/2025,UPWORK * -844518530,Professional Services,Sale,-413.40,
09/08/2025,09/09/2025,GOOGLE *CLOUD KR8BQQ,Office & Shipping,Sale,-2000.00,
09/08/2025,09/09/2025,GITHUB  INC.,Professional Services,Sale,-56.91,
09/08/2025,09/08/2025,Payment Thank You-Mobile,,Payment,4000.00,
09/06/2025,09/07/2025,UBER* TRIP,Travel,Sale,-13.04,
09/06/2025,09/07/2025,APP*DEVOLTAASRAIZ,Food & Drink,Sale,-28.56,
09/06/2025,09/07/2025,CALENDLY,Office & Shipping,Sale,-44.40,
09/05/2025,09/07/2025,Twitter Online Ads,Professional Services,Sale,-150.91,
09/06/2025,09/07/2025,Twitter Online Ads,Professional Services,Sale,-67.30,
09/05/2025,09/07/2025,Twitter Online Ads,Professional Services,Sale,-105.93,
09/03/2025,09/05/2025,SOCIALPLUG.IO,Merchandise & Inventory,Sale,-20.00,
09/04/2025,09/05/2025,USERGUIDING.COM,Office & Shipping,Sale,-99.00,
09/04/2025,09/05/2025,Twitter Online Ads,Professional Services,Sale,-201.80,
09/04/2025,09/05/2025,A. WASHINGTON TRAVEL &amp; PA,Office & Shipping,Sale,-122.13,
09/04/2025,09/05/2025,IFD*DAKI CD BARUERI LT,Food & Drink,Sale,-11.59,
09/04/2025,09/05/2025,SUBADQ *NUMERO UM SPOR,Health & Wellness,Sale,-139.51,
09/04/2025,09/04/2025,Payment Thank You-Mobile,,Payment,500.00,
09/04/2025,09/04/2025,UPWORK * -842853154,Professional Services,Sale,-945.37,
09/03/2025,09/04/2025,Twitter Online Ads,Professional Services,Sale,-120.02,
09/03/2025,09/04/2025,Twitter Online Ads,Professional Services,Sale,-11.40,
09/04/2025,09/04/2025,PADDLE.NET* N8N CLOUD1,Merchandise & Inventory,Sale,-27.61,
09/03/2025,09/04/2025,DNH*GODADDY#3878262856,Bills & Utilities,Sale,-78.44,
09/03/2025,09/03/2025,Payment Thank You-Mobile,,Payment,1500.00,
09/03/2025,09/03/2025,Payment Thank You-Mobile,,Payment,500.00,
09/03/2025,09/03/2025,Payment Thank You-Mobile,,Payment,400.00,
09/02/2025,09/03/2025,Twitter Online Ads,Professional Services,Sale,-160.85,
09/02/2025,09/02/2025,PURCHASE INTEREST CHARGE,Fees & Adjustments,Fee,-733.46,
09/01/2025,09/02/2025,VERCEL INC.,Professional Services,Sale,-20.00,
09/01/2025,09/02/2025,GOOGLE *CLOUD 3zGX64,Office & Shipping,Sale,-1112.75,
09/01/2025,09/02/2025,DL *GOOGLE ADS46245574,Professional Services,Sale,-18.97,
08/31/2025,09/02/2025,UBER * PENDING,Travel,Sale,-3.85,
08/31/2025,09/02/2025,UBER * PENDING,Travel,Sale,-3.22,
09/02/2025,09/02/2025,LOVABLE,Office & Shipping,Sale,-50.00,
08/31/2025,09/02/2025,UBER * PENDING,Travel,Sale,-1.16,
09/01/2025,09/01/2025,UBER* TRIP,Travel,Sale,-0.92,
08/30/2025,08/31/2025,UBER* TRIP,Travel,Sale,-3.03,
08/29/2025,08/31/2025,ELEVENLABS.IO,Office & Shipping,Sale,-5.00,
08/28/2025,08/29/2025,GOOGLE *CLOUD BCvLPR,Office & Shipping,Sale,-500.00,
08/28/2025,08/29/2025,UPWORK * -840769412,Professional Services,Sale,-2196.31,
08/28/2025,08/28/2025,Payment Thank You-Mobile,,Payment,3000.00,
08/27/2025,08/28/2025,UBER* TRIP,Travel,Sale,-3.51,
08/27/2025,08/28/2025,DL *GOOGLE ADS46245574,Professional Services,Sale,-9.23,
08/27/2025,08/28/2025,UBER * PENDING,Travel,Sale,-3.85,
08/27/2025,08/28/2025,DL *GOOGLE ADS46245574,Professional Services,Sale,-36.94,
08/27/2025,08/28/2025,ISABEL G N N RESTAUR,Food & Drink,Sale,-28.81,
08/26/2025,08/27/2025,GOOGLE *CLOUD zD24QR,Office & Shipping,Sale,-200.00,
08/25/2025,08/26/2025,T34 CORPORATION,Entertainment,Sale,-49.00,
08/25/2025,08/26/2025,GOOGLE *CLOUD 34FXLv,Office & Shipping,Sale,-100.00,
08/25/2025,08/26/2025,GOOGLE *CLOUD R5DNzL,Office & Shipping,Sale,-1384.05,
08/25/2025,08/26/2025,UBER* TRIP,Travel,Sale,-33.12,
08/25/2025,08/26/2025,T34 CORPORATION,Entertainment,Sale,-49.00,
08/25/2025,08/25/2025,Payment Thank You-Mobile,,Payment,3000.00,
08/24/2025,08/25/2025,IFD*PANIFICADORA BARBO,Food & Drink,Sale,-8.75,
08/22/2025,08/24/2025,Amazon web services,Bills & Utilities,Sale,-2273.99,
08/22/2025,08/22/2025,Payment Thank You-Mobile,,Payment,1000.00,
08/22/2025,08/22/2025,Payment Thank You-Mobile,,Payment,1070.00,
08/21/2025,08/22/2025,DREAMHOST,Bills & Utilities,Sale,-7.99,
08/21/2025,08/22/2025,APPLE.COM/BILL,Merchandise & Inventory,Sale,-17.62,
08/21/2025,08/22/2025,AT&amp;T DEVICE/EQUIP SHIP,Office & Shipping,Sale,-2289.59,
08/21/2025,08/21/2025,Payment Thank You-Mobile,,Payment,1200.00,
08/19/2025,08/21/2025,TST*BILLS PIZZA &amp; PUB,Food & Drink,Sale,-12.62,
08/19/2025,08/20/2025,UBER *TRIP HELP.UBER.COM,Travel,Sale,-5.05,
08/19/2025,08/20/2025,TARGET        00028605,Merchandise & Inventory,Sale,-29.15,
08/19/2025,08/20/2025,TARGET        00028605,Merchandise & Inventory,Sale,-22.00,
08/18/2025,08/19/2025,CVS/PHARMACY #02902,Health & Wellness,Sale,-15.64,
08/18/2025,08/19/2025,SIGHTENGINE,Professional Services,Sale,-29.00,
08/18/2025,08/19/2025,UPWORK * -837940545,Professional Services,Sale,-87.96,
08/17/2025,08/18/2025,CCSI EFAX,Bills & Utilities,Sale,-18.95,
08/17/2025,08/18/2025,COSTCO WHSE #1074,Merchandise & Inventory,Sale,-351.90,
08/17/2025,08/18/2025,LUXALGO,Office & Shipping,Sale,-119.99,
08/17/2025,08/17/2025,Payment Thank You-Mobile,,Payment,3000.00,
08/16/2025,08/17/2025,APPLE.COM/BILL,Merchandise & Inventory,Sale,-16.19,
08/15/2025,08/17/2025,UBER* TRIP,Travel,Sale,-3.51,
08/16/2025,08/17/2025,UBER* TRIP,Travel,Sale,-2.47,
08/15/2025,08/17/2025,UBER* TRIP,Travel,Sale,-1.97,
08/15/2025,08/17/2025,VEED LIMITED,Office & Shipping,Sale,-12.80,
08/15/2025,08/17/2025,OPENAI *CHATGPT SUBSCR,Office & Shipping,Sale,-20.00,
08/15/2025,08/17/2025,VERCEL INC.,Professional Services,Sale,-60.00,
08/15/2025,08/17/2025,UBER * PENDING,Travel,Sale,-1.58,
08/15/2025,08/17/2025,IFOOD CLUB,Merchandise & Inventory,Sale,-1.10,
08/14/2025,08/15/2025,JUMPSPEAK #PD7TWR5E,Education,Sale,-59.00,
08/14/2025,08/15/2025,UBER* TRIP,Travel,Sale,-3.33,
08/12/2025,08/14/2025,CHICK-FIL-A #04227,Food & Drink,Sale,-25.83,
08/11/2025,08/13/2025,UNITED      0162322063872,Travel,Sale,-34.51,
08/12/2025,08/13/2025,FIGMA,Professional Services,Sale,-20.00,
08/11/2025,08/12/2025,LOOM SUBSCRIPTION,Office & Shipping,Sale,-24.00,
08/11/2025,08/12/2025,EXPRESSVPN.COM,Professional Services,Sale,-12.95,
08/11/2025,08/12/2025,UBER* TRIP,Travel,Sale,-30.77,
08/11/2025,08/12/2025,IFD*PET CENTER COMERCI,Merchandise & Inventory,Sale,-31.31,
08/11/2025,08/12/2025,UPWORK * -835808178,Professional Services,Sale,-250.69,
08/11/2025,08/12/2025,PARE AKI PARK,Travel,Sale,-6.65,
08/11/2025,08/12/2025,NETFLIX.COM,Bills & Utilities,Sale,-19.83,
08/11/2025,08/12/2025,FELLOW.AI,Office & Shipping,Sale,-55.00,
08/10/2025,08/11/2025,FssComercioE,Food & Drink,Sale,-38.48,
08/10/2025,08/11/2025,ZE DELIVERY FREGUESIA,Food & Drink,Sale,-42.92,
08/08/2025,08/10/2025,GITHUB  INC.,Professional Services,Sale,-52.00,
08/08/2025,08/10/2025,IFD*Don Rafaello Pizzaria,Food & Drink,Sale,-18.57,
08/09/2025,08/10/2025,DINASTIA NEGOCIOS IMOBILI,Professional Services,Sale,-25.83,
08/08/2025,08/10/2025,Semprefono,Health & Wellness,Sale,-258.54,
08/09/2025,08/10/2025,GRILL 150,Food & Drink,Sale,-57.25,
08/09/2025,08/10/2025,BAR &amp; FRUTARIA DOS BRO,Food & Drink,Sale,-16.54,
08/08/2025,08/08/2025,Payment Thank You-Mobile,,Payment,1000.00,
08/07/2025,08/08/2025,UBER* TRIP,Travel,Sale,-4.79,
08/07/2025,08/08/2025,REPLIT  INC.,Office & Shipping,Sale,-25.00,
08/06/2025,08/07/2025,CALENDLY,Office & Shipping,Sale,-44.40,
08/06/2025,08/07/2025,IFD*GRILL 150 RESTAURA,Food & Drink,Sale,-63.66,
08/05/2025,08/06/2025,APPLE.COM/BILL,Merchandise & Inventory,Sale,-119.05,
08/05/2025,08/06/2025,APPLE.COM/BILL,Merchandise & Inventory,Sale,-9.99,
08/05/2025,08/06/2025,DNH*GODADDY#3812712529,Bills & Utilities,Sale,-38.40,
08/06/2025,08/06/2025,GITHUB  INC.,Professional Services,Sale,-0.39,
08/05/2025,08/06/2025,DNH*GODADDY#3843279562,Bills & Utilities,Sale,-195.02,
08/05/2025,08/06/2025,UBER* TRIP,Travel,Sale,-3.99,
08/05/2025,08/06/2025,UBER* TRIP,Travel,Sale,-5.30,
08/04/2025,08/05/2025,APPLE.COM/BILL,Merchandise & Inventory,Sale,-8.81,
08/04/2025,08/05/2025,UPWORK * -833632375,Professional Services,Sale,-87.56,
08/04/2025,08/05/2025,USERGUIDING.COM,Office & Shipping,Sale,-99.00,
08/04/2025,08/05/2025,PADDLE.NET* N8N CLOUD1,Merchandise & Inventory,Sale,-27.15,
08/04/2025,08/05/2025,OPENAI,Office & Shipping,Sale,-5.00,
08/03/2025,08/04/2025,LIC 12735,Travel,Sale,-38.27,
08/03/2025,08/04/2025,PG *TELECOM SOUTH AMER,Bills & Utilities,Sale,-10.68,
08/03/2025,08/04/2025,UBER* TRIP,Travel,Sale,-65.71,
08/03/2025,08/04/2025,IFD*DAKI CD BARUERI LT,Food & Drink,Sale,-12.06,
08/01/2025,08/03/2025,Amazon web services,Bills & Utilities,Sale,-652.04,
08/03/2025,08/03/2025,PURCHASE INTEREST CHARGE,Fees & Adjustments,Refund,0.51,
08/02/2025,08/03/2025,Payment Thank You-Mobile,,Payment,700.00,
08/01/2025,08/03/2025,AGODA.COM HOTEL QUAT,Travel,Sale,-115.82,
08/01/2025,08/03/2025,IFD*DROGARIA SAO PAULO,Health & Wellness,Sale,-20.18,
08/03/2025,08/03/2025,UBER* TRIP,Travel,Sale,-3.59,
08/02/2025,08/03/2025,KIOSKO P.CANALEJAS Nc3,Merchandise & Inventory,Sale,-11.46,
08/03/2025,08/03/2025,UBER* TRIP,Travel,Sale,-2.62,
08/02/2025,08/03/2025,HOTEL QUO PUERTA DEL SOL,Travel,Sale,-148.45,
08/02/2025,08/03/2025,TABERNA ODIN,Food & Drink,Sale,-16.82,
08/02/2025,08/03/2025,LOVABLE,Office & Shipping,Sale,-50.00,
08/01/2025,08/03/2025,EL PRINCIPE,Food & Drink,Sale,-73.30,
08/01/2025,08/03/2025,FENIX DE SEGUROS,Bills & Utilities,Sale,-120.00,
08/01/2025,08/03/2025,VERCEL INC.,Professional Services,Sale,-20.00,
08/01/2025,08/01/2025,PURCHASE INTEREST CHARGE,Fees & Adjustments,Fee,-733.30,
08/01/2025,08/01/2025,Payment Thank You-Mobile,,Payment,2000.00,
07/31/2025,08/01/2025,LICENCIA 5336,Travel,Sale,-38.19,
07/30/2025,07/31/2025,Payment Thank You-Mobile,,Payment,340.00,
07/31/2025,07/31/2025,XFINITY MOBILE,Bills & Utilities,Sale,-83.18,
07/30/2025,07/31/2025,JUAN VALDEZ-AEROPUERTO,Food & Drink,Sale,-7.75,
07/30/2025,07/31/2025,ALOFT ASUNCION HOTEL,Travel,Sale,-222.79,
07/29/2025,07/31/2025,Air Europa L9962681286603,Travel,Sale,-629.20,
07/30/2025,07/31/2025,GIJON S A  LURYX DUTY FR,Merchandise & Inventory,Sale,-193.65,
07/28/2025,07/30/2025,UBER *TRIP HELP.UBER.COM,Travel,Sale,-3.17,
07/29/2025,07/30/2025,LA FAENA - SHOPPING DEL,Food & Drink,Sale,-58.15,
07/29/2025,07/30/2025,UBER *TRIP HELP.UBER.COM,Travel,Sale,-2.54,
07/30/2025,07/30/2025,UPWORK * -831770540,Professional Services,Sale,-743.25,
07/29/2025,07/30/2025,Amazon web services,Bills & Utilities,Sale,-2285.95,
07/29/2025,07/30/2025,Amazon web services,Bills & Utilities,Sale,-2220.49,
07/29/2025,07/30/2025,MORADO-PLG,Food & Drink,Sale,-21.69,
07/29/2025,07/30/2025,ELEVENLABS.IO,Office & Shipping,Sale,-5.00,
07/29/2025,07/29/2025,Payment Thank You-Mobile,,Payment,7000.00,
07/28/2025,07/29/2025,UBER *TRIP HELP.UBER.COM,Travel,Sale,-6.04,
07/28/2025,07/29/2025,IFD*DAKI CD BARUERI LT,Food & Drink,Sale,-12.98,
07/28/2025,07/29/2025,UBER* TRIP,Travel,Sale,-60.00,
07/28/2025,07/29/2025,JUICE*VCP*PIER*A,Professional Services,Sale,-9.97,
07/25/2025,07/27/2025,IFD*HAJIME SUSHI LIMAO LT,Food & Drink,Sale,-31.19,
07/25/2025,07/27/2025,UBER * PENDING,Travel,Sale,-3.52,
07/25/2025,07/27/2025,UBER* TRIP,Travel,Sale,-3.25,
07/25/2025,07/27/2025,T34 CORPORATION,Entertainment,Sale,-49.00,
07/26/2025,07/27/2025,IFD*PAES E DOCES PARAT,Food & Drink,Sale,-6.69,
07/25/2025,07/27/2025,BALEIA CAFE LTDA,Food & Drink,Sale,-16.24,
07/26/2025,07/27/2025,CALENDLY,Office & Shipping,Sale,-7.78,
07/25/2025,07/27/2025,UBER* TRIP,Travel,Sale,-3.74,
07/23/2025,07/24/2025,UBER* TRIP,Travel,Sale,-3.48,
07/23/2025,07/24/2025,UPWORK * -829750272,Professional Services,Sale,-1636.03,
07/23/2025,07/23/2025,Payment Thank You-Mobile,,Payment,300.00,
07/22/2025,07/23/2025,GITHUB  INC.,Professional Services,Sale,-67.00,
07/22/2025,07/23/2025,UPWORK * -829502374,Professional Services,Sale,-2020.40,
07/21/2025,07/23/2025,ASAEL SERVICOS,Travel,Sale,-3.08,
07/22/2025,07/22/2025,Payment Thank You-Mobile,,Payment,750.00,
07/21/2025,07/22/2025,DREAMHOST,Bills & Utilities,Sale,-7.99,
07/21/2025,07/22/2025,IFD*PAES E DOCES PARAT,Food & Drink,Sale,-6.49,
07/20/2025,07/21/2025,RevistariaE,Merchandise & Inventory,Sale,-45.82,
07/20/2025,07/21/2025,IFD*PAES E DOCES PARAT,Food & Drink,Sale,-15.31,
07/20/2025,07/21/2025,IFD*ORGANIZACAO FARMAC,Health & Wellness,Sale,-13.99,
07/19/2025,07/20/2025,ESTRELA BEAUTY,Merchandise & Inventory,Sale,-11.97,
07/18/2025,07/20/2025,MAGIC GAMES,Entertainment,Sale,-4.86,
07/19/2025,07/20/2025,SEPHORA CENTERNORTE294,Merchandise & Inventory,Sale,-121.29,
07/19/2025,07/20/2025,VERCEL INC.,Professional Services,Sale,-60.00,
07/18/2025,07/20/2025,SUPERMERCADO FREGUESIA,Food & Drink,Sale,-7.23,
07/19/2025,07/20/2025,BAR &amp; FRUTARIA DOS BRO,Food & Drink,Sale,-23.72,
07/19/2025,07/20/2025,UBER * PENDING,Travel,Sale,-10.31,
07/18/2025,07/20/2025,FINI TIETE,Food & Drink,Sale,-3.27,
07/19/2025,07/20/2025,ZARA BRASIL LTDA,Merchandise & Inventory,Sale,-92.94,
07/19/2025,07/20/2025,GREGORY COMERCIO DE MO,Merchandise & Inventory,Sale,-150.12,
07/18/2025,07/20/2025,PARK PLACE,Travel,Sale,-4.52,
07/18/2025,07/20/2025,SIGHTENGINE,Professional Services,Sale,-340.48,
07/19/2025,07/20/2025,UBER * PENDING,Travel,Sale,-10.49,
07/19/2025,07/20/2025,PIZZARIA UNIAO,Food & Drink,Sale,-10.87,
07/18/2025,07/20/2025,BOBS TIETE PLAZA,Food & Drink,Sale,-2.33,
07/18/2025,07/20/2025,MOURA CABELEIREIRO,Miscellaneous,Sale,-39.56,
07/19/2025,07/20/2025,GRILL 150,Food & Drink,Sale,-74.45,
07/18/2025,07/20/2025,BOBS TIETE PLAZA,Food & Drink,Sale,-15.66,
07/18/2025,07/18/2025,Payment Thank You-Mobile,,Payment,5000.00,
07/17/2025,07/18/2025,CCSI EFAX,Bills & Utilities,Sale,-18.95,
07/17/2025,07/18/2025,LOJAO PET,Merchandise & Inventory,Sale,-33.92,
07/17/2025,07/18/2025,UBER* TRIP,Travel,Sale,-3.42,
07/17/2025,07/18/2025,SWIFT FREGUESIA DO O,Food & Drink,Sale,-31.22,
07/17/2025,07/18/2025,LUXALGO,Office & Shipping,Sale,-119.99,
07/16/2025,07/17/2025,IFD*TONY GRILL COMERCI,Food & Drink,Sale,-20.78,
07/15/2025,07/16/2025,LANCHONETE DO RO LTDA,Food & Drink,Sale,-6.49,
07/15/2025,07/16/2025,IFD*IFOOD CLUB,Merchandise & Inventory,Sale,-1.07,
07/15/2025,07/16/2025,UBER* TRIP,Travel,Sale,-5.77,
07/15/2025,07/16/2025,VEED LIMITED,Office & Shipping,Sale,-12.45,
07/15/2025,07/16/2025,OPENAI *CHATGPT SUBSCR,Office & Shipping,Sale,-20.00,
07/16/2025,07/16/2025,UBER* TRIP,Travel,Sale,-5.05,
07/15/2025,07/15/2025,Payment Thank You-Mobile,,Payment,300.00,
07/13/2025,07/14/2025,KIBON IBIRAPUERA,Food & Drink,Sale,-5.43,
07/13/2025,07/14/2025,PIZZARIA PETRONIO LTD,Food & Drink,Sale,-20.98,
07/13/2025,07/14/2025,Administradora,Travel,Sale,-4.52,
07/13/2025,07/14/2025,MiltonRafacho,Food & Drink,Sale,-4.88,
07/11/2025,07/13/2025,APPLE.COM/BILL,Merchandise & Inventory,Sale,-38.87,
07/11/2025,07/13/2025,Payment Thank You-Mobile,,Payment,500.00,
07/12/2025,07/13/2025,ZIG*Oh Fregues,Food & Drink,Sale,-68.39,
07/12/2025,07/13/2025,GRAO ESPRESSO DL,Food & Drink,Sale,-4.34,
07/12/2025,07/13/2025,BAR &amp; FRUTARIA DOS BRO,Food & Drink,Sale,-16.10,
07/11/2025,07/13/2025,EXPRESSVPN.COM,Professional Services,Sale,-12.95,
07/12/2025,07/13/2025,GRAO ESPRESSO DL,Food & Drink,Sale,-6.78,
07/11/2025,07/13/2025,OXXO RIO VERDE,Food & Drink,Sale,-6.92,
07/11/2025,07/13/2025,FELLOW.APP,Office & Shipping,Sale,-55.00,
07/12/2025,07/13/2025,LANCHONETE DO RO LTDA,Food & Drink,Sale,-2.89,
07/11/2025,07/13/2025,LOOM SUBSCRIPTION,Office & Shipping,Sale,-24.00,
07/11/2025,07/13/2025,ESCOLA TOKYO,Miscellaneous,Sale,-39.83,
07/11/2025,07/13/2025,NETFLIX.COM,Bills & Utilities,Sale,-19.83,
07/12/2025,07/13/2025,Valeriohenrique,Professional Services,Sale,-34.34,
07/11/2025,07/13/2025,SONDA SUPERMERCADOS,Food & Drink,Sale,-55.29,
07/11/2025,07/13/2025,POSTO GUAIMIM,Gas,Sale,-81.92,
07/10/2025,07/11/2025,DNH*GODADDY#3771876789,Bills & Utilities,Sale,-2.24,
07/09/2025,07/10/2025,APPLE.COM/BILL,Merchandise & Inventory,Sale,-8.81,
07/09/2025,07/10/2025,APPLE.COM/BILL,Merchandise & Inventory,Sale,-8.81,
07/09/2025,07/10/2025,Amazon web services,Bills & Utilities,Sale,-738.48,
07/09/2025,07/10/2025,ESQUINA BLACK,Food & Drink,Sale,-5.15,
07/09/2025,07/10/2025,USERGUIDING.COM,Office & Shipping,Sale,-99.00,
07/09/2025,07/10/2025,LEROY MERLIN,Repair & Maintenance,Sale,-156.00,
07/09/2025,07/10/2025,AUTO POSTO REIRA,Gas,Sale,-3.40,
07/08/2025,07/10/2025,IFD*DON RAFAELLO PIZZARIA,Food & Drink,Sale,-25.20,
07/09/2025,07/10/2025,REPLIT  INC.,Office & Shipping,Sale,-25.00,
07/09/2025,07/10/2025,Clinica Fares,Health & Wellness,Sale,-29.88,
07/09/2025,07/10/2025,CALENDLY,Office & Shipping,Sale,-22.20,
07/09/2025,07/10/2025,FENIX DE SEGUROS,Bills & Utilities,Sale,-121.39,
07/09/2025,07/10/2025,FLORIDA DRINKS,Food & Drink,Sale,-40.68,
07/09/2025,07/10/2025,GRAO DO MESTRE,Food & Drink,Sale,-5.59,
07/08/2025,07/08/2025,Payment Thank You-Mobile,,Payment,1200.00,
07/08/2025,07/08/2025,Payment Thank You-Mobile,,Payment,1000.00,
07/02/2025,07/03/2025,IFD*PAES E DOCES PARAT,Food & Drink,Sale,-6.24,
07/02/2025,07/03/2025,UBER* TRIP,Travel,Sale,-4.75,
07/02/2025,07/02/2025,PURCHASE INTEREST CHARGE,Fees & Adjustments,Fee,-692.73,
07/01/2025,07/02/2025,XFINITY MOBILE,Bills & Utilities,Sale,-153.89,
07/02/2025,07/02/2025,LOVABLE,Office & Shipping,Sale,-50.00,
07/01/2025,07/02/2025,VERCEL INC.,Professional Services,Sale,-20.00,
07/01/2025,07/02/2025,IFD*PAES E DOCES PARAT,Food & Drink,Sale,-17.05,
06/29/2025,06/30/2025,IFD*DROGARIA SAO PAULO,Health & Wellness,Sale,-52.23,
06/28/2025,06/29/2025,Payment Thank You-Mobile,,Payment,2000.00,
06/28/2025,06/29/2025,VIVER BEM PB MOVEIS DECOR,Merchandise & Inventory,Sale,-2380.12,
06/26/2025,06/27/2025,APPLE.COM/BILL,Merchandise & Inventory,Sale,-17.62,
06/25/2025,06/26/2025,IFD*PET CENTER COMERCI,Merchandise & Inventory,Sale,-13.97,
06/25/2025,06/26/2025,IFD*PAES E DOCES PARAT,Food & Drink,Sale,-20.33,
06/25/2025,06/26/2025,JoseEsmeraldo,Office & Shipping,Sale,-5.48,
06/26/2025,06/26/2025,SIGHTENGINE,Professional Services,Sale,-663.37,
06/25/2025,06/25/2025,Payment Thank You-Mobile,,Payment,1000.00,
06/24/2025,06/25/2025,IFD*MEGA BOLOS INDUSTR,Food & Drink,Sale,-10.52,
06/24/2025,06/25/2025,IFD*DROGARIA SAO PAULO,Health & Wellness,Sale,-13.66,
06/24/2025,06/24/2025,Payment Thank You-Mobile,,Payment,1000.00,
06/24/2025,06/24/2025,SIGHTENGINE,Professional Services,Sale,-82.14,
06/23/2025,06/24/2025,IFD*DAKI CD BARUERI LT,Food & Drink,Sale,-19.45,
06/22/2025,06/23/2025,AUTO BAN JUNDIAI,Travel,Sale,-2.38,
06/22/2025,06/23/2025,NATALIA DE VEIGA OKUMA,Food & Drink,Sale,-127.96,
06/22/2025,06/23/2025,IFD*DAKI CD BARUERI LT,Food & Drink,Sale,-29.39,
06/22/2025,06/23/2025,AUTO BAN JUNDIAI,Travel,Sale,-2.34,
06/22/2025,06/23/2025,AUTO BAN JUNDIAI,Travel,Sale,-2.38,
06/22/2025,06/23/2025,AUTOBAN,Travel,Sale,-2.34,
06/21/2025,06/22/2025,DREAMHOST,Bills & Utilities,Sale,-7.99,
06/21/2025,06/22/2025,EDGAR FACO,Food & Drink,Sale,-1.99,
06/21/2025,06/22/2025,EDGAR FACO,Food & Drink,Sale,-19.72,
06/19/2025,06/22/2025,PAYPAL *APIFY SUBSCRIPTIO,Professional Services,Sale,-39.00,
06/20/2025,06/22/2025,GOAT TENNIS E,Education,Sale,-10.01,
06/19/2025,06/20/2025,INTUIT *QBooks Online,Office & Shipping,Sale,-208.00,
06/19/2025,06/20/2025,TIINGO.COM,Office & Shipping,Sale,-30.00,
06/19/2025,06/20/2025,SUPERMERCADO FREGUESIA,Food & Drink,Sale,-76.19,
06/18/2025,06/19/2025,SIGHTENGINE,Professional Services,Sale,-29.00,
06/19/2025,06/19/2025,UBER* TRIP,Travel,Sale,-4.37,
06/17/2025,06/18/2025,CCSI EFAX,Bills & Utilities,Sale,-18.95,
06/18/2025,06/18/2025,GOOGLE *YouTube TV,Bills & Utilities,Sale,-91.50,
06/17/2025,06/18/2025,GOAT TENNIS E,Education,Sale,-2.37,
06/17/2025,06/18/2025,X CORP. PAID FEATURES,Merchandise & Inventory,Sale,-50.32,
06/16/2025,06/18/2025,UBER * PENDING,Travel,Sale,-9.46,
06/17/2025,06/18/2025,CENTRO AUTOMOTIVO PILA,Gas,Sale,-18.23,
06/17/2025,06/18/2025,LUXALGO,Office & Shipping,Sale,-119.99,
06/16/2025,06/17/2025,APPLE.COM/BILL,Merchandise & Inventory,Sale,-15.11,
06/16/2025,06/17/2025,APPLE.COM/BILL,Merchandise & Inventory,Sale,-16.19,
06/16/2025,06/17/2025,CURRAL EVENTOS,Food & Drink,Sale,-10.94,
06/16/2025,06/17/2025,LOVABLE,Office & Shipping,Sale,-25.00,
06/16/2025,06/17/2025,UBER* TRIP,Travel,Sale,-9.22,
06/16/2025,06/17/2025,RestauranteMica,Food & Drink,Sale,-70.05,
06/15/2025,06/16/2025,VERCEL INC.,Professional Services,Sale,-60.00,
06/15/2025,06/16/2025,IFD*IFOOD CLUB,Merchandise & Inventory,Sale,-1.08,
06/12/2025,06/15/2025,AIR FRANCE  0574226014222,Travel,Sale,-11.50,
06/12/2025,06/15/2025,AIR FRANCE  0574226014347,Travel,Sale,-43.70,
06/12/2025,06/13/2025,UBER* TRIP,Travel,Sale,-20.12,
06/11/2025,06/12/2025,EXPRESSVPN.COM,Professional Services,Sale,-12.95,
06/11/2025,06/12/2025,LOOM SUBSCRIPTION,Office & Shipping,Sale,-24.00,
06/11/2025,06/12/2025,NETFLIX.COM,Bills & Utilities,Sale,-19.83,
06/11/2025,06/12/2025,FELLOW.APP,Office & Shipping,Sale,-55.00,
06/10/2025,06/11/2025,APPLE.COM/BILL,Merchandise & Inventory,Sale,-17.62,
06/09/2025,06/10/2025,DUNKERQUE T     4702527,Food & Drink,Sale,-33.24,
06/09/2025,06/10/2025,DEUXIEME,Food & Drink,Sale,-43.32,
06/08/2025,06/09/2025,AIR FRANCE,Travel,Sale,-1501.00,
06/08/2025,06/09/2025,GITHUB  INC.,Professional Services,Sale,-49.23,
06/06/2025,06/08/2025,Amazon web services,Bills & Utilities,Sale,-604.53,
06/07/2025,06/08/2025,APPLE.COM/BILL,Merchandise & Inventory,Sale,-9.99,
06/07/2025,06/08/2025,Payment Thank You-Mobile,,Payment,5000.00,
06/07/2025,06/08/2025,WWW.DOO.NET,Office & Shipping,Sale,-7098.48,
06/06/2025,06/08/2025,CALENDLY,Office & Shipping,Sale,-22.20,
06/06/2025,06/08/2025,Amazon web services,Bills & Utilities,Sale,-2419.90,
06/07/2025,06/08/2025,REPLIT  INC.,Office & Shipping,Sale,-25.00,
06/06/2025,06/06/2025,Payment Thank You-Mobile,,Payment,8000.00,
06/01/2025,06/06/2025,UNITED      0162491796957,Travel,Return,40.89,
06/01/2025,06/06/2025,UNITED      0162491796961,Travel,Return,40.89,
06/05/2025,06/06/2025,APPLE.COM/BILL,Merchandise & Inventory,Sale,-9.99,
06/05/2025,06/06/2025,DELTA PROP SHOP,Professional Services,Sale,-1.00,
06/04/2025,06/05/2025,DELTA PROP SHOP,Professional Services,Sale,-1.00,
06/04/2025,06/05/2025,FENIX DE SEGUROS,Bills & Utilities,Sale,-119.49,
06/04/2025,06/05/2025,USERGUIDING.COM,Office & Shipping,Sale,-99.00,
06/04/2025,06/04/2025,Payment Thank You-Mobile,,Payment,5000.00,
06/02/2025,06/04/2025,VCN*LAKE CO CLERK CTR,Bills & Utilities,Sale,-12.50,
06/01/2025,06/03/2025,CAROLINACONCESSIONSLL,Food & Drink,Sale,-77.27,
06/02/2025,06/02/2025,PURCHASE INTEREST CHARGE,Fees & Adjustments,Fee,-746.35,
06/01/2025,06/02/2025,VERCEL INC.,Professional Services,Sale,-21.19,
06/01/2025,06/01/2025,ANNUAL MEMBERSHIP FEE,Fees & Adjustments,Fee,-450.00,
05/23/2025,06/01/2025,GOOGLE *Google One,Merchandise & Inventory,Return,12.90,
05/31/2025,06/01/2025,XFINITY MOBILE,Bills & Utilities,Sale,-202.80,
05/29/2025,05/30/2025,APPLE.COM/BILL,Merchandise & Inventory,Sale,-17.62,
05/21/2025,05/22/2025,DREAMHOST,Bills & Utilities,Sale,-7.99,
05/20/2025,05/21/2025,APPLE.COM/BILL,Merchandise & Inventory,Sale,-31.30,
05/19/2025,05/20/2025,INTUIT *QBooks Online,Office & Shipping,Sale,-208.00,
05/19/2025,05/20/2025,TIINGO.COM,Office & Shipping,Sale,-30.00,
05/03/2025,05/18/2025,PURCH INTEREST CREDIT ADJ,Fees & Adjustments,Refund,0.14,
05/03/2025,05/18/2025,PURCH INTEREST CREDIT ADJ,Fees & Adjustments,Refund,0.19,
05/03/2025,05/18/2025,PURCH INTEREST CREDIT ADJ,Fees & Adjustments,Refund,0.18,
05/03/2025,05/18/2025,PURCH INTEREST CREDIT ADJ,Fees & Adjustments,Refund,0.21,
05/03/2025,05/18/2025,PURCH INTEREST CREDIT ADJ,Fees & Adjustments,Refund,0.19,
05/03/2025,05/18/2025,PURCH INTEREST CREDIT ADJ,Fees & Adjustments,Refund,0.17,
05/03/2025,05/18/2025,PURCH INTEREST CREDIT ADJ,Fees & Adjustments,Refund,0.19,
05/03/2025,05/18/2025,PURCH INTEREST CREDIT ADJ,Fees & Adjustments,Refund,0.18,
05/03/2025,05/18/2025,PURCH INTEREST CREDIT ADJ,Fees & Adjustments,Refund,0.16,
05/03/2025,05/18/2025,PURCH INTEREST CREDIT ADJ,Fees & Adjustments,Refund,0.14,
05/03/2025,05/18/2025,PURCH INTEREST CREDIT ADJ,Fees & Adjustments,Refund,0.15,
05/03/2025,05/18/2025,PURCH INTEREST CREDIT ADJ,Fees & Adjustments,Refund,0.14,
05/03/2025,05/18/2025,PURCH INTEREST CREDIT ADJ,Fees & Adjustments,Refund,0.12,
05/03/2025,05/18/2025,PURCH INTEREST CREDIT ADJ,Fees & Adjustments,Refund,0.11,
05/03/2025,05/18/2025,PURCH INTEREST CREDIT ADJ,Fees & Adjustments,Refund,0.11,
05/03/2025,05/18/2025,PURCH INTEREST CREDIT ADJ,Fees & Adjustments,Refund,0.10,
05/03/2025,05/18/2025,PURCH INTEREST CREDIT ADJ,Fees & Adjustments,Refund,0.11,
05/03/2025,05/18/2025,PURCH INTEREST CREDIT ADJ,Fees & Adjustments,Refund,0.09,
05/03/2025,05/18/2025,PURCH INTEREST CREDIT ADJ,Fees & Adjustments,Refund,0.08,
05/03/2025,05/18/2025,PURCH INTEREST CREDIT ADJ,Fees & Adjustments,Refund,0.08,
05/03/2025,05/18/2025,PURCH INTEREST CREDIT ADJ,Fees & Adjustments,Refund,0.09,
05/03/2025,05/18/2025,PURCH INTEREST CREDIT ADJ,Fees & Adjustments,Refund,0.06,
05/03/2025,05/18/2025,PURCH INTEREST CREDIT ADJ,Fees & Adjustments,Refund,0.06,
05/03/2025,05/18/2025,PURCH INTEREST CREDIT ADJ,Fees & Adjustments,Refund,0.06,
05/03/2025,05/18/2025,PURCH INTEREST CREDIT ADJ,Fees & Adjustments,Refund,0.04,
05/03/2025,05/18/2025,PURCH INTEREST CREDIT ADJ,Fees & Adjustments,Refund,0.04,
05/03/2025,05/18/2025,PURCH INTEREST CREDIT ADJ,Fees & Adjustments,Refund,0.04,
05/03/2025,05/18/2025,PURCH INTEREST CREDIT ADJ,Fees & Adjustments,Refund,0.03,
05/03/2025,05/18/2025,PURCH INTEREST CREDIT ADJ,Fees & Adjustments,Refund,0.03,
05/03/2025,05/18/2025,PURCH INTEREST CREDIT ADJ,Fees & Adjustments,Refund,0.02,
05/03/2025,05/18/2025,PURCH INTEREST CREDIT ADJ,Fees & Adjustments,Refund,0.02,
05/03/2025,05/18/2025,PURCH INTEREST CREDIT ADJ,Fees & Adjustments,Refund,0.02,
05/03/2025,05/18/2025,PURCH INTEREST CREDIT ADJ,Fees & Adjustments,Refund,0.02,
05/03/2025,05/18/2025,PURCH INTEREST CREDIT ADJ,Fees & Adjustments,Refund,0.02,
05/03/2025,05/18/2025,PURCH INTEREST CREDIT ADJ,Fees & Adjustments,Refund,0.02,
05/03/2025,05/18/2025,PURCH INTEREST CREDIT ADJ,Fees & Adjustments,Refund,0.02,
05/03/2025,05/18/2025,PURCH INTEREST CREDIT ADJ,Fees & Adjustments,Refund,0.02,
05/03/2025,05/18/2025,PURCH INTEREST CREDIT ADJ,Fees & Adjustments,Refund,0.02,
05/03/2025,05/18/2025,PURCH INTEREST CREDIT ADJ,Fees & Adjustments,Refund,0.01,
05/03/2025,05/18/2025,PURCH INTEREST CREDIT ADJ,Fees & Adjustments,Refund,0.03,
05/03/2025,05/18/2025,PURCH INTEREST CREDIT ADJ,Fees & Adjustments,Refund,0.03,
05/03/2025,05/18/2025,PURCH INTEREST CREDIT ADJ,Fees & Adjustments,Refund,0.05,
05/03/2025,05/18/2025,PURCH INTEREST CREDIT ADJ,Fees & Adjustments,Refund,0.04,
05/03/2025,05/18/2025,PURCH INTEREST CREDIT ADJ,Fees & Adjustments,Refund,0.03,
05/03/2025,05/18/2025,PURCH INTEREST CREDIT ADJ,Fees & Adjustments,Refund,0.03,
05/03/2025,05/18/2025,PURCH INTEREST CREDIT ADJ,Fees & Adjustments,Refund,0.03,
05/03/2025,05/18/2025,PURCH INTEREST CREDIT ADJ,Fees & Adjustments,Refund,0.03,
05/03/2025,05/18/2025,PURCH INTEREST CREDIT ADJ,Fees & Adjustments,Refund,0.03,
05/03/2025,05/18/2025,PURCH INTEREST CREDIT ADJ,Fees & Adjustments,Refund,0.03,
05/03/2025,05/18/2025,PURCH INTEREST CREDIT ADJ,Fees & Adjustments,Refund,0.03,
05/03/2025,05/18/2025,PURCH INTEREST CREDIT ADJ,Fees & Adjustments,Refund,0.07,
05/03/2025,05/18/2025,PURCH INTEREST CREDIT ADJ,Fees & Adjustments,Refund,0.04,
05/03/2025,05/18/2025,PURCH INTEREST CREDIT ADJ,Fees & Adjustments,Refund,0.04,
05/03/2025,05/18/2025,PURCH INTEREST CREDIT ADJ,Fees & Adjustments,Refund,0.04,
05/03/2025,05/18/2025,PURCH INTEREST CREDIT ADJ,Fees & Adjustments,Refund,0.04,
05/03/2025,05/18/2025,PURCH INTEREST CREDIT ADJ,Fees & Adjustments,Refund,0.04,
05/03/2025,05/18/2025,PURCH INTEREST CREDIT ADJ,Fees & Adjustments,Refund,0.04,
05/03/2025,05/18/2025,PURCH INTEREST CREDIT ADJ,Fees & Adjustments,Refund,0.04,
05/03/2025,05/18/2025,PURCH INTEREST CREDIT ADJ,Fees & Adjustments,Refund,0.04,
04/01/2025,05/18/2025,FACEBK *BUNP3N4ZL2,Professional Services,Adjustment,2.00,
04/11/2025,05/18/2025,FACEBK *WVUJDPQ8S2,Professional Services,Adjustment,2.00,
04/21/2025,05/18/2025,FACEBK *XLHK4NGEL2,Professional Services,Adjustment,2.00,
04/23/2025,05/18/2025,FACEBK *A55C9PUEL2,Professional Services,Adjustment,12.00,
04/28/2025,05/18/2025,FACEBK *37CPSQ8EL2,Professional Services,Adjustment,39.00,
05/13/2025,05/18/2025,FACEBK *TEMP HOLD DMZ5,Professional Services,Adjustment,5.00,
05/14/2025,05/18/2025,FACEBK *TEMP HOLD 1FFF,Professional Services,Adjustment,10.00,
04/29/2025,05/18/2025,FACEBK *F92TDQCEL2,Professional Services,Adjustment,72.00,
04/01/2025,05/18/2025,FACEBK *YSJT7NQYL2,Professional Services,Adjustment,2.00,
04/01/2025,05/18/2025,FACEBK *5DX84N4ZL2,Professional Services,Adjustment,2.00,
04/11/2025,05/18/2025,FACEBK *QJ665N48S2,Professional Services,Adjustment,2.00,
04/21/2025,05/18/2025,FACEBK *MYFBKPUDL2,Professional Services,Adjustment,2.00,
04/24/2025,05/18/2025,FACEBK *J9URVP4EL2,Professional Services,Adjustment,12.00,
04/28/2025,05/18/2025,FACEBK *3J37YPLEL2,Professional Services,Adjustment,43.00,
05/13/2025,05/18/2025,FACEBK *TEMP HOLD LY2U,Professional Services,Adjustment,3.00,
05/15/2025,05/18/2025,FACEBK *UXF8GS87L2,Professional Services,Adjustment,2.03,
04/29/2025,05/18/2025,FACEBK *K3L9LNGEL2,Professional Services,Adjustment,59.00,
05/14/2025,05/18/2025,FACEBK *44ZLPRG6L2,Professional Services,Adjustment,1.52,
04/01/2025,05/18/2025,FACEBK *PZY73NUYL2,Professional Services,Adjustment,2.00,
04/11/2025,05/18/2025,FACEBK *ER576NG8S2,Professional Services,Adjustment,2.00,
04/21/2025,05/18/2025,FACEBK *EJE2EQ8EL2,Professional Services,Adjustment,2.00,
04/25/2025,05/18/2025,FACEBK *8XDMKQ8EL2,Professional Services,Adjustment,14.00,
04/28/2025,05/18/2025,FACEBK *A7ZTZPUDL2,Professional Services,Adjustment,48.00,
05/13/2025,05/18/2025,FACEBK *TEMP HOLD EC2W,Professional Services,Adjustment,5.00,
05/15/2025,05/18/2025,FACEBK *F56DAVQ6L2,Professional Services,Adjustment,2.02,
04/29/2025,05/18/2025,FACEBK *XFZS8Q4EL2,Professional Services,Adjustment,65.00,
04/02/2025,05/18/2025,FACEBK *CFS42N8ZL2,Professional Services,Adjustment,2.00,
04/11/2025,05/18/2025,FACEBK *2CVUXNC8S2,Professional Services,Adjustment,2.00,
04/21/2025,05/18/2025,FACEBK *KRQJDPYDL2,Professional Services,Adjustment,2.00,
04/25/2025,05/18/2025,FACEBK *A7L5CPUEL2,Professional Services,Adjustment,16.00,
05/01/2025,05/18/2025,FACEBK *QRB2ZPYDL2,Professional Services,Adjustment,97.00,
05/14/2025,05/18/2025,FACEBK *TEMP HOLD 3PY8,Professional Services,Adjustment,8.00,
05/15/2025,05/18/2025,FACEBK *TEMP HOLD 5B3H,Professional Services,Adjustment,13.00,
04/30/2025,05/18/2025,FACEBK *3T8ZWQ8EL2,Professional Services,Adjustment,80.00,
04/02/2025,05/18/2025,FACEBK *EUF55NUYL2,Professional Services,Adjustment,3.00,
04/20/2025,05/18/2025,FACEBK *RCDY6PGZL2,Professional Services,Adjustment,3.17,
04/21/2025,05/18/2025,FACEBK *GFKYDQ8EL2,Professional Services,Adjustment,2.00,
04/25/2025,05/18/2025,FACEBK *FKYB5QCEL2,Professional Services,Adjustment,18.00,
05/02/2025,05/18/2025,FACEBK *N4PJ6R8EL2,Professional Services,Adjustment,1.84,
05/13/2025,05/18/2025,FACEBK *TEMP HOLD JJRY,Professional Services,Adjustment,5.00,
05/15/2025,05/18/2025,FACEBK *TEMP HOLD BP9B,Professional Services,Adjustment,11.00,
04/30/2025,05/18/2025,FACEBK *2EEMPPUEL2,Professional Services,Adjustment,88.00,
04/02/2025,05/18/2025,FACEBK *T85M3NGZL2,Professional Services,Adjustment,2.00,
04/21/2025,05/18/2025,FACEBK *YFXFVPCEL2,Professional Services,Adjustment,2.31,
04/21/2025,05/18/2025,FACEBK *9XTTKPUDL2,Professional Services,Adjustment,3.00,
04/26/2025,05/18/2025,FACEBK *R2BEPPYDL2,Professional Services,Adjustment,22.00,
05/02/2025,05/18/2025,FACEBK *84N6VNGEL2,Professional Services,Adjustment,118.00,
05/14/2025,05/18/2025,FACEBK *U8NG8QU6L2,Professional Services,Adjustment,1.05,
05/15/2025,05/18/2025,FACEBK *TEMP HOLD AVW8,Professional Services,Adjustment,15.00,
04/27/2025,05/18/2025,FACEBK *NUSMRQ8EL2,Professional Services,Adjustment,31.00,
04/11/2025,05/18/2025,FACEBK *FTB2XNC8S2,Professional Services,Adjustment,2.40,
04/21/2025,05/18/2025,FACEBK *U8BNVPCEL2,Professional Services,Adjustment,2.43,
04/21/2025,05/18/2025,FACEBK *H6GLRP4EL2,Professional Services,Adjustment,3.00,
04/26/2025,05/18/2025,FACEBK *FM9BZPQEL2,Professional Services,Adjustment,20.00,
05/13/2025,05/18/2025,FACEBK *3K3SMRG6L2,Professional Services,Adjustment,3.02,
05/14/2025,05/18/2025,FACEBK *TEMP HOLD 4BAY,Professional Services,Adjustment,8.00,
04/22/2025,05/18/2025,FACEBK *4BGJMPUDL2,Professional Services,Adjustment,8.00,
04/11/2025,05/18/2025,FACEBK *WY8DJP49S2,Professional Services,Adjustment,2.00,
04/11/2025,05/18/2025,FACEBK *GQYJXNC8S2,Professional Services,Adjustment,2.00,
04/21/2025,05/18/2025,FACEBK *73N65PUEL2,Professional Services,Adjustment,1.58,
04/22/2025,05/18/2025,FACEBK *MU87FPYDL2,Professional Services,Adjustment,5.00,
04/27/2025,05/18/2025,FACEBK *LQA63QQEL2,Professional Services,Adjustment,25.00,
05/13/2025,05/18/2025,FACEBK *N64FAS87L2,Professional Services,Adjustment,2.14,
05/14/2025,05/18/2025,FACEBK *TEMP HOLD NN3R,Professional Services,Adjustment,8.00,
04/23/2025,05/18/2025,FACEBK *5ZJLLPLEL2,Professional Services,Adjustment,8.00,
04/02/2025,05/18/2025,FACEBK *YX62GNLYL2,Professional Services,Adjustment,2.00,
05/15/2025,05/18/2025,FACEBK *E2Y7QRY6L2,Professional Services,Adjustment,1.93,
04/11/2025,05/18/2025,FACEBK *Z8FE6NG8S2,Professional Services,Adjustment,3.00,
04/21/2025,05/18/2025,FACEBK *ZAXXGPLEL2,Professional Services,Adjustment,2.00,
04/22/2025,05/18/2025,FACEBK *555LVPCEL2,Professional Services,Adjustment,5.00,
04/27/2025,05/18/2025,FACEBK *F7HE4Q4EL2,Professional Services,Adjustment,28.00,
05/13/2025,05/18/2025,FACEBK *TEMP HOLD 9XXS,Professional Services,Adjustment,3.00,
05/14/2025,05/18/2025,FACEBK *TEMP HOLD 4XK7,Professional Services,Adjustment,8.00,
04/23/2025,05/18/2025,FACEBK *8KBKUP4EL2,Professional Services,Adjustment,8.00,
05/02/2025,05/18/2025,FACEBK *WUGUDQQEL2,Professional Services,Adjustment,107.00,
04/01/2025,05/18/2025,FACEBK *ZWV8ZM8ZL2,Professional Services,Adjustment,2.00,
04/11/2025,05/18/2025,FACEBK *H37C5NL8S2,Professional Services,Adjustment,2.00,
04/21/2025,05/18/2025,FACEBK *EQAJKPUDL2,Professional Services,Adjustment,2.00,
04/22/2025,05/18/2025,FACEBK *HGJTLPUDL2,Professional Services,Adjustment,5.00,
04/27/2025,05/18/2025,FACEBK *B5MWHPUEL2,Professional Services,Adjustment,35.00,
05/13/2025,05/18/2025,FACEBK *TEMP HOLD R1R3,Professional Services,Adjustment,3.00,
05/14/2025,05/18/2025,FACEBK *TEMP HOLD KO9F,Professional Services,Adjustment,9.00,
04/28/2025,05/18/2025,FACEBK *HXN72QUDL2,Professional Services,Adjustment,53.00,
04/15/2025,05/18/2025,FACEBK *TTR77N4QT2,Professional Services,Adjustment,2.00,
05/16/2025,05/18/2025,FACEBK *5NWWHRC7L2,Professional Services,Sale,-9.81,
05/17/2025,05/18/2025,Amazon web services,Bills & Utilities,Sale,-509.00,
05/18/2025,05/18/2025,GOOGLE *YouTube TV,Entertainment,Sale,-91.50,
05/17/2025,05/18/2025,CCSI EFAX,Bills & Utilities,Sale,-18.95,
05/16/2025,05/18/2025,KEY MOVEIS LTDA,Merchandise & Inventory,Sale,-1544.33,
05/17/2025,05/18/2025,LUXALGO,Office & Shipping,Sale,-119.99,
05/16/2025,05/16/2025,Payment Thank You-Mobile,,Payment,2000.00,
05/15/2025,05/16/2025,APPLE.COM/BILL,Merchandise & Inventory,Sale,-17.62,
05/15/2025,05/16/2025,JUMPSPEAK,Education,Sale,-59.00,
05/15/2025,05/16/2025,FACEBK *F56DAVQ6L2,Professional Services,Sale,-2.02,
05/15/2025,05/16/2025,FACEBK *TEMP HOLD 5B3H,Professional Services,Sale,-13.00,
05/15/2025,05/16/2025,FACEBK *E2Y7QRY6L2,Professional Services,Sale,-1.93,
05/15/2025,05/16/2025,IFD*IFOOD CLUB,Merchandise & Inventory,Sale,-1.07,
05/15/2025,05/16/2025,FACEBK *TEMP HOLD AVW8,Professional Services,Sale,-15.00,
05/15/2025,05/16/2025,VERCEL INC.,Professional Services,Sale,-60.00,
05/15/2025,05/16/2025,FACEBK *UXF8GS87L2,Professional Services,Sale,-2.03,
05/14/2025,05/15/2025,FACEBK *U8NG8QU6L2,Professional Services,Sale,-1.05,
05/14/2025,05/15/2025,FACEBK *44ZLPRG6L2,Professional Services,Sale,-1.52,
05/15/2025,05/15/2025,FACEBK *TEMP HOLD BP9B,Professional Services,Sale,-11.00,
05/14/2025,05/15/2025,FACEBK *TEMP HOLD 4XK7,Professional Services,Sale,-8.00,
05/14/2025,05/15/2025,FACEBK *TEMP HOLD 1FFF,Professional Services,Sale,-10.00,
05/14/2025,05/15/2025,FACEBK *TEMP HOLD KO9F,Professional Services,Sale,-9.00,
05/14/2025,05/14/2025,FACEBK *TEMP HOLD 4BAY,Professional Services,Sale,-8.00,
05/13/2025,05/14/2025,FACEBK *3K3SMRG6L2,Professional Services,Sale,-3.02,
05/13/2025,05/14/2025,FACEBK *TEMP HOLD 9XXS,Professional Services,Sale,-3.00,
05/13/2025,05/14/2025,FACEBK *TEMP HOLD LY2U,Professional Services,Sale,-3.00,
05/13/2025,05/14/2025,FACEBK *TEMP HOLD EC2W,Professional Services,Sale,-5.00,
05/13/2025,05/14/2025,FACEBK *TEMP HOLD JJRY,Professional Services,Sale,-5.00,
05/14/2025,05/14/2025,FACEBK *TEMP HOLD NN3R,Professional Services,Sale,-8.00,
05/13/2025,05/14/2025,FACEBK *TEMP HOLD DMZ5,Professional Services,Sale,-5.00,
05/14/2025,05/14/2025,FACEBK *TEMP HOLD 3PY8,Professional Services,Sale,-8.00,
05/13/2025,05/14/2025,FACEBK *TEMP HOLD R1R3,Professional Services,Sale,-3.00,
05/13/2025,05/14/2025,FACEBK *N64FAS87L2,Professional Services,Sale,-2.14,
05/12/2025,05/13/2025,GOOGLE *Google One,Merchandise & Inventory,Sale,-19.99,
05/11/2025,05/12/2025,NETFLIX.COM,Bills & Utilities,Sale,-19.83,
05/11/2025,05/12/2025,LOOM SUBSCRIPTION,Office & Shipping,Sale,-24.00,
05/11/2025,05/12/2025,EXPRESSVPN.COM,Professional Services,Sale,-12.95,
05/11/2025,05/12/2025,FELLOW.APP,Office & Shipping,Sale,-55.00,
05/09/2025,05/11/2025,CALENDLY,Office & Shipping,Sale,-22.20,
05/10/2025,05/11/2025,MUNDIAL,Merchandise & Inventory,Sale,-23.06,
05/08/2025,05/09/2025,GITHUB  INC.,Professional Services,Sale,-48.00,
05/08/2025,05/09/2025,APPLE.COM/BILL,Merchandise & Inventory,Sale,-9.99,
05/08/2025,05/08/2025,UPWORK * -805988934,Professional Services,Sale,-2182.50,
05/08/2025,05/08/2025,UPWORK * -805988926,Professional Services,Sale,-1472.17,
05/07/2025,05/08/2025,USERGUIDING.COM,Office & Shipping,Sale,-99.00,
05/07/2025,05/08/2025,REPLIT  INC.,Office & Shipping,Sale,-25.00,
05/07/2025,05/07/2025,Payment Thank You-Mobile,,Payment,3000.00,
05/07/2025,05/07/2025,Payment Thank You-Mobile,,Payment,1000.00,
05/07/2025,05/07/2025,Payment Thank You-Mobile,,Payment,2000.00,
05/06/2025,05/07/2025,Payment Thank You-Mobile,,Payment,1098.00,
05/02/2025,05/04/2025,FACEBK *N4PJ6R8EL2,Professional Services,Sale,-1.84,
05/02/2025,05/04/2025,FACEBK *WUGUDQQEL2,Professional Services,Sale,-107.00,
05/02/2025,05/04/2025,FACEBK *84N6VNGEL2,Professional Services,Sale,-118.00,
05/02/2025,05/02/2025,PURCHASE INTEREST CHARGE,Fees & Adjustments,Fee,-744.73,
05/01/2025,05/02/2025,FACEBK *QRB2ZPYDL2,Professional Services,Sale,-97.00,
05/01/2025,05/02/2025,APPLE.COM/BILL,Merchandise & Inventory,Sale,-17.62,
05/01/2025,05/02/2025,DELTA PROP SHOP,Professional Services,Sale,-1.00,
05/01/2025,05/02/2025,XFINITY MOBILE,Bills & Utilities,Sale,-261.68,
05/01/2025,05/02/2025,VERCEL INC.,Professional Services,Sale,-20.00,
04/30/2025,05/01/2025,FACEBK *2EEMPPUEL2,Professional Services,Sale,-88.00,
04/30/2025,05/01/2025,FACEBK *3T8ZWQ8EL2,Professional Services,Sale,-80.00,
04/30/2025,05/01/2025,FENIX DE SEGUROS,Bills & Utilities,Sale,-119.48,
04/29/2025,04/30/2025,FACEBK *F92TDQCEL2,Professional Services,Sale,-72.00,
04/29/2025,04/30/2025,FACEBK *XFZS8Q4EL2,Professional Services,Sale,-65.00,
04/29/2025,04/30/2025,FACEBK *K3L9LNGEL2,Professional Services,Sale,-59.00,
04/30/2025,04/30/2025,UPWORK * -803617139,Professional Services,Sale,-1978.83,
04/30/2025,04/30/2025,UPWORK * -803617103,Professional Services,Sale,-1798.63,
04/29/2025,04/29/2025,Payment Thank You-Mobile,,Payment,4000.00,
04/28/2025,04/29/2025,FACEBK *A7ZTZPUDL2,Professional Services,Sale,-48.00,
04/28/2025,04/29/2025,FACEBK *3J37YPLEL2,Professional Services,Sale,-43.00,
04/28/2025,04/29/2025,FACEBK *37CPSQ8EL2,Professional Services,Sale,-39.00,
04/28/2025,04/29/2025,FACEBK *HXN72QUDL2,Professional Services,Sale,-53.00,
04/27/2025,04/28/2025,FACEBK *NUSMRQ8EL2,Professional Services,Sale,-31.00,
04/27/2025,04/28/2025,FACEBK *B5MWHPUEL2,Professional Services,Sale,-35.00,
04/27/2025,04/28/2025,FACEBK *F7HE4Q4EL2,Professional Services,Sale,-28.00,
04/26/2025,04/27/2025,FACEBK *R2BEPPYDL2,Professional Services,Sale,-22.00,
04/25/2025,04/27/2025,APPLE.COM/BILL,Merchandise & Inventory,Sale,-53.99,
04/24/2025,04/27/2025,UNITED      0162430307360,Travel,Return,207.91,
04/25/2025,04/27/2025,FACEBK *FKYB5QCEL2,Professional Services,Sale,-18.00,
04/24/2025,04/27/2025,UNITED      0162430307236,Travel,Return,207.91,
04/27/2025,04/27/2025,FACEBK *LQA63QQEL2,Professional Services,Sale,-25.00,
04/26/2025,04/27/2025,FACEBK *FM9BZPQEL2,Professional Services,Sale,-20.00,
04/24/2025,04/27/2025,UNITED      0162480463532,Travel,Sale,-1366.68,
04/24/2025,04/27/2025,UNITED      0162480463528,Travel,Sale,-1366.68,
04/25/2025,04/27/2025,FACEBK *A7L5CPUEL2,Professional Services,Sale,-16.00,
04/25/2025,04/25/2025,FACEBK *8XDMKQ8EL2,Professional Services,Sale,-14.00,
04/24/2025,04/25/2025,FACEBK *J9URVP4EL2,Professional Services,Sale,-12.00,
04/24/2025,04/24/2025,Payment Thank You-Mobile,,Payment,3000.00,
04/23/2025,04/24/2025,FACEBK *8KBKUP4EL2,Professional Services,Sale,-8.00,
04/23/2025,04/24/2025,FACEBK *5ZJLLPLEL2,Professional Services,Sale,-8.00,
04/23/2025,04/24/2025,FACEBK *A55C9PUEL2,Professional Services,Sale,-12.00,
04/23/2025,04/24/2025,APPLE.COM/BILL,Merchandise & Inventory,Sale,-62.63,
04/22/2025,04/23/2025,FACEBK *MU87FPYDL2,Professional Services,Sale,-5.00,
04/22/2025,04/23/2025,FACEBK *555LVPCEL2,Professional Services,Sale,-5.00,
04/22/2025,04/23/2025,Amazon web services,Office & Shipping,Sale,-2393.87,
04/22/2025,04/23/2025,FACEBK *4BGJMPUDL2,Professional Services,Sale,-8.00,
04/23/2025,04/23/2025,UPWORK * -801489846,Professional Services,Sale,-1090.17,
04/23/2025,04/23/2025,UPWORK * -801489836,Professional Services,Sale,-1749.31,
04/22/2025,04/23/2025,FACEBK *HGJTLPUDL2,Professional Services,Sale,-5.00,
04/22/2025,04/22/2025,Payment Thank You-Mobile,,Payment,4000.00,
04/22/2025,04/22/2025,Payment Thank You-Mobile,,Payment,3000.00,
04/21/2025,04/22/2025,FACEBK *MYFBKPUDL2,Professional Services,Sale,-2.00,
04/21/2025,04/22/2025,FACEBK *9XTTKPUDL2,Professional Services,Sale,-3.00,
04/21/2025,04/22/2025,FACEBK *73N65PUEL2,Professional Services,Sale,-1.58,
04/21/2025,04/22/2025,FACEBK *U8BNVPCEL2,Professional Services,Sale,-2.43,
04/21/2025,04/22/2025,FACEBK *GFKYDQ8EL2,Professional Services,Sale,-2.00,
04/21/2025,04/22/2025,FACEBK *ZAXXGPLEL2,Professional Services,Sale,-2.00,
04/21/2025,04/22/2025,FACEBK *XLHK4NGEL2,Professional Services,Sale,-2.00,
04/21/2025,04/22/2025,FACEBK *H6GLRP4EL2,Professional Services,Sale,-3.00,
04/21/2025,04/22/2025,FACEBK *YFXFVPCEL2,Professional Services,Sale,-2.31,
04/21/2025,04/22/2025,FACEBK *EQAJKPUDL2,Professional Services,Sale,-2.00,
04/21/2025,04/22/2025,FACEBK *EJE2EQ8EL2,Professional Services,Sale,-2.00,
04/21/2025,04/22/2025,FACEBK *KRQJDPYDL2,Professional Services,Sale,-2.00,
04/20/2025,04/21/2025,FACEBK *RCDY6PGZL2,Professional Services,Sale,-3.17,
04/21/2025,04/21/2025,DREAMHOST,Bills & Utilities,Sale,-7.99,
04/19/2025,04/20/2025,INTUIT *QBooks Live,Office & Shipping,Sale,-208.00,
04/19/2025,04/20/2025,TIINGO.COM,Office & Shipping,Sale,-30.00,
04/17/2025,04/18/2025,APPLE.COM/BILL,Merchandise & Inventory,Sale,-17.62,
04/17/2025,04/18/2025,LUXALGO,Office & Shipping,Sale,-119.99,
04/18/2025,04/18/2025,GOOGLE *YouTube TV,Entertainment,Sale,-91.50,
04/17/2025,04/18/2025,CCSI EFAX,Bills & Utilities,Sale,-18.95,
04/16/2025,04/17/2025,UPWORK * -799531200,Professional Services,Sale,-2413.82,
04/16/2025,04/17/2025,APPLE.COM/BILL,Merchandise & Inventory,Sale,-31.30,
04/16/2025,04/16/2025,Payment Thank You-Mobile,,Payment,3000.00,
04/15/2025,04/16/2025,FACEBK *TTR77N4QT2,Professional Services,Sale,-2.00,
04/15/2025,04/16/2025,VERCEL INC.,Professional Services,Sale,-60.00,
04/15/2025,04/16/2025,IFD*IFOOD CLUB,Merchandise & Inventory,Sale,-1.02,
04/11/2025,04/13/2025,LOOM SUBSCRIPTION,Office & Shipping,Sale,-24.00,
04/11/2025,04/13/2025,FACEBK *FTB2XNC8S2,Professional Services,Sale,-2.40,
04/11/2025,04/13/2025,FELLOW.APP,Office & Shipping,Sale,-55.00,
04/11/2025,04/13/2025,EXPRESSVPN.COM,Professional Services,Sale,-12.95,
04/11/2025,04/13/2025,FACEBK *ER576NG8S2,Professional Services,Sale,-2.00,
04/11/2025,04/13/2025,FACEBK *2CVUXNC8S2,Professional Services,Sale,-2.00,
04/11/2025,04/13/2025,FACEBK *WVUJDPQ8S2,Professional Services,Sale,-2.00,
04/11/2025,04/13/2025,FACEBK *QJ665N48S2,Professional Services,Sale,-2.00,
04/11/2025,04/13/2025,FACEBK *GQYJXNC8S2,Professional Services,Sale,-2.00,
04/11/2025,04/13/2025,FACEBK *WY8DJP49S2,Professional Services,Sale,-2.00,
04/11/2025,04/13/2025,FACEBK *Z8FE6NG8S2,Professional Services,Sale,-3.00,
04/11/2025,04/13/2025,FACEBK *H37C5NL8S2,Professional Services,Sale,-2.00,
04/12/2025,04/13/2025,GOOGLE *Google One,Bills & Utilities,Sale,-19.99,
04/11/2025,04/13/2025,NETFLIX.COM,Bills & Utilities,Sale,-19.83,
04/11/2025,04/11/2025,PAYPAL *AXIOMFUTURE,Office & Shipping,Sale,-5000.00,
04/10/2025,04/10/2025,Payment Thank You - Web,,Payment,5000.00,
04/08/2025,04/09/2025,GITHUB  INC.,Professional Services,Sale,-48.00,
04/08/2025,04/09/2025,DELTA PROP SHOP,Professional Services,Sale,-5.00,
04/08/2025,04/09/2025,DELTA PROP SHOP,Professional Services,Sale,-4.00,
04/08/2025,04/09/2025,DELTA PROP SHOP,Professional Services,Sale,-3.00,
04/08/2025,04/09/2025,DELTA PROP SHOP,Professional Services,Sale,-2.00,
04/08/2025,04/09/2025,DELTA PROP SHOP,Professional Services,Sale,-1.00,
04/07/2025,04/08/2025,Amazon web services,Office & Shipping,Sale,-510.93,
04/07/2025,04/08/2025,REPLIT  INC.,Office & Shipping,Sale,-25.00,
04/08/2025,04/08/2025,UPWORK * -796985734,Professional Services,Sale,-325.00,
04/07/2025,04/08/2025,DELTA PROP SHOP,Professional Services,Sale,-1.00,
04/08/2025,04/08/2025,UPWORK * -796985712,Professional Services,Sale,-1031.32,
04/07/2025,04/08/2025,Amazon web services,Office & Shipping,Sale,-561.35,
04/07/2025,04/08/2025,APPLE.COM/BILL,Merchandise & Inventory,Sale,-9.99,
04/07/2025,04/07/2025,Payment Thank You-Mobile,,Payment,3000.00,
04/06/2025,04/07/2025,CALENDLY,Office & Shipping,Sale,-22.20,
04/04/2025,04/06/2025,OMEGA TRENDS LTD,Education,Sale,-107.78,
04/05/2025,04/06/2025,APPLE.COM/BILL,Merchandise & Inventory,Sale,-9.99,
04/04/2025,04/06/2025,ULTREOS FOREX LTD,Education,Sale,-85.00,
04/04/2025,04/06/2025,GMRSHV.COM,Merchandise & Inventory,Sale,-49.95,
04/04/2025,04/06/2025,USERGUIDING.COM,Office & Shipping,Sale,-99.00,
04/03/2025,04/04/2025,DELTA PROP SHOP,Professional Services,Sale,-1.00,
04/02/2025,04/04/2025,DAILY.AI,Office & Shipping,Return,299.00,
04/03/2025,04/04/2025,DELTA PROP SHOP,Professional Services,Sale,-6.00,
04/03/2025,04/04/2025,DELTA PROP SHOP,Professional Services,Sale,-5.00,
04/03/2025,04/04/2025,JMPK* BITCOIN 2025 25,Office & Shipping,Sale,-3096.82,
04/03/2025,04/04/2025,DELTA PROP SHOP,Professional Services,Sale,-4.00,
04/02/2025,04/04/2025,DAILY.AI,Office & Shipping,Return,299.00,
04/03/2025,04/04/2025,DELTA PROP SHOP,Professional Services,Sale,-3.00,
04/03/2025,04/04/2025,DELTA PROP SHOP,Professional Services,Sale,-2.00,
04/03/2025,04/04/2025,ALTSIGNALS.IO,Office & Shipping,Sale,-100.00,
04/03/2025,04/03/2025,Payment Thank You-Mobile,,Payment,2000.00,
04/03/2025,04/03/2025,Payment Thank You-Mobile,,Payment,2600.00,
04/02/2025,04/03/2025,FACEBK *EUF55NUYL2,Professional Services,Sale,-3.00,
04/02/2025,04/03/2025,FACEBK *T85M3NGZL2,Professional Services,Sale,-2.00,
04/03/2025,04/03/2025,UPWORK * -795225592,Professional Services,Sale,-1266.60,
04/02/2025,04/03/2025,FACEBK *YX62GNLYL2,Professional Services,Sale,-2.00,
04/02/2025,04/03/2025,PAYPAL *AXIOMFUTURE,Office & Shipping,Sale,-1500.00,
04/02/2025,04/03/2025,Upwork -795113850REF,Professional Services,Sale,-1636.03,
04/02/2025,04/02/2025,PURCHASE INTEREST CHARGE,Fees & Adjustments,Fee,-766.49,
04/02/2025,04/02/2025,Payment Thank You - Web,,Payment,3000.00,
04/02/2025,04/02/2025,RENDER.COM,Office & Shipping,Sale,-6.79,
04/01/2025,04/02/2025,FACEBK *YSJT7NQYL2,Professional Services,Sale,-2.00,
04/02/2025,04/02/2025,FACEBK *CFS42N8ZL2,Professional Services,Sale,-2.00,
04/01/2025,04/02/2025,FACEBK *PZY73NUYL2,Professional Services,Sale,-2.00,
04/01/2025,04/02/2025,FACEBK *ZWV8ZM8ZL2,Professional Services,Sale,-2.00,
04/01/2025,04/02/2025,FACEBK *5DX84N4ZL2,Professional Services,Sale,-2.00,
04/01/2025,04/02/2025,FACEBK *BUNP3N4ZL2,Professional Services,Sale,-2.00,
03/31/2025,04/01/2025,XFINITY MOBILE,Bills & Utilities,Sale,-231.17,
04/01/2025,04/01/2025,UPWORK * -794808510,Professional Services,Sale,-587.50,
03/31/2025,04/01/2025,FENIX DE SEGUROS,Bills & Utilities,Sale,-119.12,
03/31/2025,04/01/2025,UPWORK * -794690430,Professional Services,Sale,-1721.41,
03/31/2025,03/31/2025,Payment Thank You-Mobile,,Payment,2000.00,
03/31/2025,03/31/2025,Payment Thank You-Mobile,,Payment,1500.00,
03/30/2025,03/31/2025,PAES E DOCES PARATI,Food & Drink,Sale,-11.31,
03/26/2025,03/27/2025,UPWORK * -792941062,Professional Services,Sale,-4605.50,
03/26/2025,03/26/2025,Payment Thank You-Mobile,,Payment,4600.00,
03/25/2025,03/26/2025,DELTA PROP SHOP,Professional Services,Sale,-1.00,
03/25/2025,03/26/2025,DAILY.AI,Office & Shipping,Sale,-299.00,
03/25/2025,03/26/2025,DELTA PROP SHOP,Professional Services,Sale,-1.00,
03/25/2025,03/26/2025,DELTA PROP SHOP,Professional Services,Sale,-3.00,
03/25/2025,03/26/2025,DAILY.AI,Office & Shipping,Sale,-299.00,
03/25/2025,03/26/2025,DELTA PROP SHOP,Professional Services,Sale,-1.00,
03/22/2025,03/23/2025,GITHUB  INC.,Professional Services,Sale,-53.28,
03/21/2025,03/23/2025,DREAMHOST,Bills & Utilities,Sale,-7.99,
03/21/2025,03/21/2025,XFINITY MOBILE,Bills & Utilities,Sale,-202.94,
03/19/2025,03/20/2025,POLYGON.IO DATA API,Office & Shipping,Sale,-199.99,
03/19/2025,03/20/2025,TIINGO.COM,Office & Shipping,Sale,-30.00,
03/19/2025,03/20/2025,POLYGON.IO DATA API,Office & Shipping,Sale,-48.99,
03/19/2025,03/20/2025,POLYGON.IO DATA API,Office & Shipping,Sale,-1798.67,
03/19/2025,03/20/2025,INTUIT *QBooks Online,Office & Shipping,Sale,-199.00,
03/18/2025,03/19/2025,CCSI EFAX,Bills & Utilities,Sale,-18.95,
03/18/2025,03/18/2025,Payment Thank You-Mobile,,Payment,5000.00,
03/18/2025,03/18/2025,VERCEL INC.,Professional Services,Sale,-60.00,
03/17/2025,03/18/2025,INTUIT *QBooks Live,Office & Shipping,Sale,-212.41,
03/18/2025,03/18/2025,GOOGLE *YouTube TV,Merchandise & Inventory,Sale,-91.50,
03/17/2025,03/17/2025,Payment Thank You-Mobile,,Payment,450.00,
03/14/2025,03/16/2025,DREAMHOST,Bills & Utilities,Sale,-7.99,
03/15/2025,03/16/2025,IFD*IFOOD CLUB,Merchandise & Inventory,Sale,-1.04,
03/12/2025,03/13/2025,GOOGLE *Google One,Merchandise & Inventory,Sale,-19.99,
03/12/2025,03/13/2025,APPLE.COM/BILL,Merchandise & Inventory,Sale,-9.99,
03/12/2025,03/12/2025,AGENTS AND CORPORATIONS I,Office & Shipping,Sale,-399.00,
03/11/2025,03/12/2025,CALENDLY,Office & Shipping,Sale,-22.20,
03/12/2025,03/12/2025,AGENTS AND CORPORATIONS I,Office & Shipping,Sale,-149.00,
03/11/2025,03/12/2025,FENIX DE SEGUROS,Bills & Utilities,Sale,-119.72,
03/11/2025,03/12/2025,FELLOW.APP,Office & Shipping,Sale,-55.00,
03/11/2025,03/12/2025,Netflix,Bills & Utilities,Sale,-19.83,
03/11/2025,03/12/2025,EXPRESSVPN.COM,Professional Services,Sale,-12.95,
03/11/2025,03/12/2025,REPLIT  INC.,Office & Shipping,Sale,-25.00,
03/11/2025,03/12/2025,LOOM SUBSCRIPTION,Office & Shipping,Sale,-24.00,
03/10/2025,03/11/2025,UPWORK * -788141367,Professional Services,Sale,-3468.21,
03/10/2025,03/10/2025,Payment Thank You-Mobile,,Payment,350.00,
03/10/2025,03/10/2025,Payment Thank You-Mobile,,Payment,400.00,
03/10/2025,03/10/2025,Payment Thank You-Mobile,,Payment,500.00,
03/09/2025,03/09/2025,Payment Thank You-Mobile,,Payment,1000.00,
03/06/2025,03/06/2025,Payment Thank You-Mobile,,Payment,1000.00,
03/03/2025,03/03/2025,Payment Thank You-Mobile,,Payment,2000.00,
03/02/2025,03/02/2025,PURCHASE INTEREST CHARGE,Fees & Adjustments,Fee,-702.55,
02/19/2025,02/19/2025,Payment Thank You-Mobile,,Payment,1300.00,
02/18/2025,02/19/2025,Amazon web services,Office & Shipping,Sale,-489.82,
02/18/2025,02/19/2025,Amazon web services,Office & Shipping,Sale,-538.16,
02/17/2025,02/18/2025,Amazon web services,Office & Shipping,Sale,-2758.75,
02/17/2025,02/18/2025,UPWORK * -781330576,Professional Services,Sale,-387.01,
02/18/2025,02/18/2025,APPLE.COM/BILL,Merchandise & Inventory,Sale,-15.11,
02/18/2025,02/18/2025,APPLE.COM/BILL,Merchandise & Inventory,Sale,-3.23,
02/18/2025,02/18/2025,APPLE.COM/BILL,Merchandise & Inventory,Sale,-16.19,
02/17/2025,02/18/2025,CENTRAL PLAZA SHOPPING,Food & Drink,Sale,-1.93,
02/18/2025,02/18/2025,XFINITY MOBILE,Bills & Utilities,Sale,-269.69,
02/17/2025,02/18/2025,FENIX DE SEGUROS,Bills & Utilities,Sale,-119.70,
02/17/2025,02/18/2025,UBER* TRIP,Travel,Sale,-3.51,
02/17/2025,02/18/2025,CCSI EFAX,Bills & Utilities,Sale,-37.90,
02/18/2025,02/18/2025,DREAMHOST,Bills & Utilities,Sale,-7.99,
02/17/2025,02/17/2025,Payment Thank You-Mobile,,Payment,1000.00,
02/15/2025,02/16/2025,VERCEL INC.,Professional Services,Sale,-60.00,
02/14/2025,02/16/2025,EC          *2PRODUTOS,Repair & Maintenance,Sale,-30.92,
02/15/2025,02/16/2025,RAIA DROGASIL SA,Health & Wellness,Sale,-21.06,
02/15/2025,02/16/2025,IFD*IFOOD CLUB,Merchandise & Inventory,Sale,-1.05,
02/15/2025,02/16/2025,GITHUB  INC.,Professional Services,Sale,-53.28,
02/14/2025,02/14/2025,Payment Thank You-Mobile,,Payment,3000.00,
02/13/2025,02/14/2025,REPLIT  INC.,Office & Shipping,Sale,-25.00,
02/13/2025,02/14/2025,JUMPSPEAK #531FDF8F,Education,Sale,-59.00,
02/12/2025,02/13/2025,UPWORK * -779647834,Professional Services,Sale,-1424.93,
02/12/2025,02/13/2025,GOOGLE *Google One,Bills & Utilities,Sale,-19.99,
02/12/2025,02/13/2025,UBER* TRIP,Travel,Sale,-3.64,
02/13/2025,02/13/2025,INTUIT *QBooks Online,Office & Shipping,Sale,-212.41,
02/12/2025,02/12/2025,Payment Thank You-Mobile,,Payment,1500.00,
02/11/2025,02/12/2025,OPENAI,Office & Shipping,Sale,-111.00,
02/11/2025,02/12/2025,NETFLIX.COM,Bills & Utilities,Sale,-17.08,
02/11/2025,02/12/2025,APPLE.COM/BILL,Merchandise & Inventory,Sale,-9.99,
02/11/2025,02/12/2025,FELLOW.APP,Office & Shipping,Sale,-55.00,
02/11/2025,02/12/2025,EXPRESSVPN.COM,Professional Services,Sale,-12.95,
02/12/2025,02/12/2025,UPWORK * -779519083,Professional Services,Sale,-766.99,
02/12/2025,02/12/2025,Google YouTube TV,Entertainment,Sale,-91.50,
02/11/2025,02/12/2025,CALENDLY,Office & Shipping,Sale,-22.20,
02/11/2025,02/12/2025,LOOM SUBSCRIPTION,Office & Shipping,Sale,-24.00,
02/11/2025,02/12/2025,POLYGON.IO DATA API,Office & Shipping,Sale,-248.99,
02/11/2025,02/12/2025,Microsoft*Skype,Bills & Utilities,Sale,-2.99,
02/11/2025,02/11/2025,Payment Thank You-Mobile,,Payment,2000.00,
02/11/2025,02/11/2025,Payment Thank You-Mobile,,Payment,900.00,
02/07/2025,02/09/2025,GMRSHV.COM,Merchandise & Inventory,Sale,-5.00,
02/06/2025,02/07/2025,Spotify USA,Bills & Utilities,Sale,-11.99,
02/05/2025,02/06/2025,UPWORK * -777437392,Professional Services,Sale,-1232.11,
02/05/2025,02/06/2025,OPENAI *CHATGPT SUBSCR,Office & Shipping,Sale,-66.60,
02/05/2025,02/06/2025,APPLE.COM/BILL,Merchandise & Inventory,Sale,-9.99,
02/05/2025,02/05/2025,Payment Thank You-Mobile,,Payment,1000.00,
02/05/2025,02/05/2025,OPENAI,Office & Shipping,Sale,-0.65,
02/05/2025,02/05/2025,RENDER.COM,Office & Shipping,Sale,-7.00,
02/04/2025,02/04/2025,Payment Thank You-Mobile,,Payment,1200.00,
02/02/2025,02/02/2025,PURCHASE INTEREST CHARGE,Fees & Adjustments,Fee,-803.29,
01/20/2025,01/21/2025,UBER* TRIP,Travel,Sale,-1.04,
01/17/2025,01/20/2025,NAMES.CO.UK,Bills & Utilities,Sale,-16.91,
01/17/2025,01/19/2025,GMRSHV.COM,Merchandise & Inventory,Sale,-2.00,
01/16/2025,01/17/2025,EXPRESSVPN.COM,Professional Services,Sale,-12.95,
01/16/2025,01/17/2025,LinkedIn JOB 10122473743,Bills & Utilities,Sale,-568.74,
01/16/2025,01/17/2025,APPLE.COM/BILL,Merchandise & Inventory,Sale,-16.19,
01/15/2025,01/16/2025,IFD*IFOOD CLUB,Merchandise & Inventory,Sale,-0.99,
01/15/2025,01/16/2025,FELLOW.APP,Office & Shipping,Sale,-55.00,
01/15/2025,01/16/2025,APPLE.COM/BILL,Merchandise & Inventory,Sale,-5.50,
01/15/2025,01/16/2025,UPWORK * -770925510,Professional Services,Sale,-1509.37,
01/15/2025,01/16/2025,UPWORK * -770925525,Professional Services,Sale,-2063.28,
01/15/2025,01/16/2025,KIWIFY *MentoriaGA,Education,Sale,-82.29,
01/15/2025,01/16/2025,LUNARCRUSH,Office & Shipping,Sale,-30.00,
01/15/2025,01/16/2025,UBER* TRIP,Travel,Sale,-14.14,
01/15/2025,01/16/2025,VERCEL INC.,Professional Services,Sale,-60.00,
01/15/2025,01/15/2025,Payment Thank You-Mobile,,Payment,4000.00,
01/14/2025,01/15/2025,Amazon web services,Office & Shipping,Sale,-2663.86,
01/14/2025,01/15/2025,Amazon web services,Office & Shipping,Sale,-3242.37,
01/14/2025,01/15/2025,Google ONE AI Premium,Entertainment,Sale,-19.99,
01/14/2025,01/14/2025,Payment Thank You - Web,,Payment,7000.00,
01/13/2025,01/14/2025,NAMES.CO.UK,Bills & Utilities,Sale,-1.47,
01/12/2025,01/13/2025,APPLE.COM/BILL,Merchandise & Inventory,Sale,-5.50,
01/11/2025,01/12/2025,AIAVALANCHE,Professional Services,Sale,-19.00,
01/11/2025,01/12/2025,AITOOLS* AIAVALANCHE,Professional Services,Sale,-24.00,
01/11/2025,01/12/2025,Netflix,Bills & Utilities,Sale,-17.08,
01/10/2025,01/12/2025,UBER* TRIP,Travel,Sale,-1.99,
01/10/2025,01/10/2025,CALENDLY,Office & Shipping,Sale,-22.20,
01/09/2025,01/10/2025,UPWORK * -768722611,Professional Services,Return,68.38,
01/08/2025,01/09/2025,UBER * PENDING,Travel,Sale,-7.92,
01/08/2025,01/09/2025,Microsoft*Skype,Bills & Utilities,Sale,-2.99,
01/09/2025,01/09/2025,POLYGON.IO DATA API,Office & Shipping,Sale,-248.99,
01/08/2025,01/09/2025,FENIX DE SEGUROS,Bills & Utilities,Sale,-118.87,
01/08/2025,01/09/2025,UBER* TRIP,Travel,Sale,-2.96,
01/08/2025,01/09/2025,UBER * PENDING,Travel,Sale,-6.24,
01/08/2025,01/09/2025,GITHUB  INC.,Professional Services,Sale,-53.28,
01/08/2025,01/09/2025,APPLE.COM/BILL,Merchandise & Inventory,Sale,-9.99,
01/07/2025,01/08/2025,UPWORK * -768722611,Professional Services,Sale,-68.38,
01/07/2025,01/08/2025,UPWORK * -768720158,Professional Services,Sale,-1292.20,
01/07/2025,01/08/2025,REPLIT  INC.,Office & Shipping,Sale,-25.00,
01/07/2025,01/07/2025,Payment Thank You - Web,,Payment,3000.00,
01/02/2025,01/03/2025,APPLE.COM/BILL,Merchandise & Inventory,Sale,-5.50,
01/02/2025,01/02/2025,PURCHASE INTEREST CHARGE,Fees & Adjustments,Fee,-776.34,
01/02/2025,01/02/2025,RENDER.COM,Office & Shipping,Sale,-2.57,
01/01/2025,01/02/2025,GOOGLE *GSUITE_delta-m,Office & Shipping,Sale,-185.01,
